<?xml version="1.0" encoding="UTF-8" standalone="yes"?>
<addon id="plugin.audio.redbullradio" name="RedBullRadio" version="0.0.6" provider-name="Ronan (ronanln)">
  <requires>
    <import addon="xbmc.python" version="2.24.0" />
    <import addon="script.module.kodiswift" version="0.0.8" />
    <import addon="script.module.requests" />
  </requires>
  <extension point="xbmc.python.pluginsource" library="addon.py">
    <provides>audio</provides>
  </extension>
  <extension point="xbmc.addon.metadata">
    <platform>all</platform>
    <language>en</language>
    <summary lang="en">Summary for "RedBullRadio"</summary>
    <description lang="en">Description for "RedBullRadio"</description>
    <disclaimer lang="en">Disclaimer for "RedBullRadio"</disclaimer>
  </extension>
</addon>
