<?xml version="1.0" encoding="UTF-8" standalone="yes"?>
<addon id="plugin.video.openstream" name="Open Stream" version="0.0.1" provider-name="Ronan">
    <requires>
        <import addon="xbmc.python" version="2.25.0"/>
        <import addon="script.module.routing" version="0.2.0"/>

    </requires>
    <extension point="xbmc.python.pluginsource" library="main.py">
        <provides>audio video</provides>
    </extension>
    <extension point="xbmc.addon.metadata">
        <summary lang="en_GB">This addon asks for a stream URL and plays it. Simple.</summary>
        <description lang="en_GB"></description>
        <language></language>
        <platform>linux osx windx</platform>
        <license>nolicense</license>
        <forum></forum>
        <website></website>
        <email></email>
        <source></source>
        <news></news>
        <disclaimer></disclaimer>
        <assets>
            <icon>resources/icon.png</icon>
            <fanart>resources/fanart.jpg</fanart>
        </assets>
    </extension>
</addon>
